,Date
0,1/1/2024
1,2/1/2024
2,3/1/2024
3,4/1/2024
4,5/1/2024
5,8/1/2024
6,9/1/2024
7,10/1/2024
8,11/11/2023
9,12/1/2024
10,13/1/2024
11,14/1/2024
12,15/1/2024
13,16/1/2024
14,17/1/2024
15,18/1/2024
16,19/1/2024
17,20/1/2024
18,21/1/2024
19,22/1/2024
20,23/1/2024
21,24/1/2024
22,25/1/2024
23,26/1/2024
24,27/1/2024
25,28/1/2024
26,29/1/2024
27,30/1/2024
28,31/1/2024
29,1/2/2024
30,2/2/2024
31,3/2/2024
32,4/2/2024
33,5/2/2024
34,6/2/2024
35,7/2/2024
36,8/2/2024
37,9/2/2024
38,10/2/2024
39,11/2/2024
40,12/2/2024
41,13/2/2024
42,14/2/2024
43,15/2/2024
44,16/2/2024
45,17/2/2024
46,18/2/2024
47,19/2/2024
48,20/2/2024
49,21/2/2024
50,22/2/2024
51,23/2/2024
52,24/2/2024
53,25/2/2024
54,26/2/2024
55,27/2/2024
56,28/2/2024
57,29/2/2024
58,1/3/2024
59,2/3/2024
60,3/3/2024
61,4/3/2024
62,5/3/2024
63,6/3/2024
64,7/3/2024
65,8/3/2024
66,9/3/2024
67,10/3/2024
68,11/3/2024
69,12/3/2024
70,13/3/2024
71,14/3/2024
72,15/3/2024
73,16/3/2024
74,17/3/2024
75,18/3/2024
76,19/3/2024
77,20/3/2024
78,21/3/2024
79,22/3/2024
80,22/3/2024
81,24/3/2024
82,25/3/2024
83,26/3/2024
84,27/3/2024
85,28/3/2024
86,29/3/2024
87,30/3/2024
88,31/3/2024
89,1/4/2024
90,2/4/2024
91,3/4/2024
92,4/4/2024
93,5/4/2024
94,6/4/2024
95,7/4/2024
96,8/4/2024
97,9/4/2024
98,10/4/2024
99,11/4/2024
100,12/4/2024
101,13/4/2024
102,14/4/2024
103,15/4/2024
104,17/4/2024
105,18/4/2024
106,19/4/2024
107,20/4/2024
108,21/4/2024
109,22/4/2024
110,23/4/2024
111,24/4/2024
112,25/4/2024
113,26/4/2024
114,27/4/2024
115,28/4/2024
116,29/4/2024
117,1/5/2024
118,30/4/2024
119,2/5/2024
120,3/5/2024
121,4/5/2024
122,5/5/2024
123,6/5/2024
124,7/5/2024
125,8/5/2024
126,9/5/2024
127,10/5/2024
128,11/5/2024
129,12/5/2024
130,13/5/2024
131,14/5/2024
132,15/5/2024
133,16/5/2024
134,17/5/2024
135,18/5/2024
136,19/5/2024
137,20/5/2024
138,21/5/2024
139,22/5/2024
140,23/5/2024
141,24/5/2024
142,25/5/2024
143,26/5/2024
144,27/5/2024
145,28/5/2024
146,29/5/2024
147,30/5/2024
148,31/5/2024
